Index,fname,label
0,XC528101 - Western Barn Owl - Tyto alba.wav,Barn Owl (Tyto Alba)
1,XC528631 - Western Barn Owl - Tyto alba.wav,Barn Owl (Tyto Alba)
2,XC535968 - Western Barn Owl - Tyto alba.wav,Barn Owl (Tyto Alba)
3,XC536600 - Western Barn Owl - Tyto alba.wav,Barn Owl (Tyto Alba)
4,XC536637 - Western Barn Owl - Tyto alba.wav,Barn Owl (Tyto Alba)
5,XC537722 - Western Barn Owl - Tyto alba.wav,Barn Owl (Tyto Alba)
6,XC540472 - Western Barn Owl - Tyto alba.wav,Barn Owl (Tyto Alba)
7,XC544195 - Western Barn Owl - Tyto alba.wav,Barn Owl (Tyto Alba)
8,XC545504 - Western Barn Owl - Tyto alba.wav,Barn Owl (Tyto Alba)
9,XC546629 - Western Barn Owl - Tyto alba.wav,Barn Owl (Tyto Alba)
10,XC546888 - Western Barn Owl - Tyto alba.wav,Barn Owl (Tyto Alba)
11,XC550820 - Western Barn Owl - Tyto alba.wav,Barn Owl (Tyto Alba)
12,XC552590 - Western Barn Owl - Tyto alba.wav,Barn Owl (Tyto Alba)
13,XC553232 - Western Barn Owl - Tyto alba.wav,Barn Owl (Tyto Alba)
14,XC553509 - Western Barn Owl - Tyto alba.wav,Barn Owl (Tyto Alba)
15,XC554747 - Western Barn Owl - Tyto alba.wav,Barn Owl (Tyto Alba)
16,XC555395 - Western Barn Owl - Tyto alba.wav,Barn Owl (Tyto Alba)
17,XC556852 - Western Barn Owl - Tyto alba.wav,Barn Owl (Tyto Alba)
18,XC558394 - Western Barn Owl - Tyto alba.wav,Barn Owl (Tyto Alba)
19,XC561192 - Western Barn Owl - Tyto alba.wav,Barn Owl (Tyto Alba)
20,XC568101 - Western Barn Owl - Tyto alba.wav,Barn Owl (Tyto Alba)
21,XC568102 - Western Barn Owl - Tyto alba.wav,Barn Owl (Tyto Alba)
22,XC568103 - Western Barn Owl - Tyto alba.wav,Barn Owl (Tyto Alba)
23,XC568105 - Western Barn Owl - Tyto alba.wav,Barn Owl (Tyto Alba)
24,XC568106 - Western Barn Owl - Tyto alba.wav,Barn Owl (Tyto Alba)
25,XC568107 - Western Barn Owl - Tyto alba.wav,Barn Owl (Tyto Alba)
26,XC568109 - Western Barn Owl - Tyto alba.wav,Barn Owl (Tyto Alba)
27,XC570646 - Western Barn Owl - Tyto alba.wav,Barn Owl (Tyto Alba)
28,XC571411 - Western Barn Owl - Tyto alba.wav,Barn Owl (Tyto Alba)
29,XC107110 - Brown Fish Owl - Ketupa zeylonensis.wav,Brown Fish Owl (Ketupa zeylonensis)
30,XC138097 - Brown Fish Owl - Ketupa zeylonensis.wav,Brown Fish Owl (Ketupa zeylonensis)
31,XC138098 - Brown Fish Owl - Ketupa zeylonensis(1).wav,Brown Fish Owl (Ketupa zeylonensis)
32,XC138098 - Brown Fish Owl - Ketupa zeylonensis(2).wav,Brown Fish Owl (Ketupa zeylonensis)
33,XC191580 - Brown Fish Owl - Ketupa zeylonensis(1).wav,Brown Fish Owl (Ketupa zeylonensis)
34,XC191580 - Brown Fish Owl - Ketupa zeylonensis(2).wav,Brown Fish Owl (Ketupa zeylonensis)
35,XC191580 - Brown Fish Owl - Ketupa zeylonensis(3).wav,Brown Fish Owl (Ketupa zeylonensis)
36,XC191580 - Brown Fish Owl - Ketupa zeylonensis(4).wav,Brown Fish Owl (Ketupa zeylonensis)
37,XC191580 - Brown Fish Owl - Ketupa zeylonensis(5).wav,Brown Fish Owl (Ketupa zeylonensis)
38,XC191580 - Brown Fish Owl - Ketupa zeylonensis(6).wav,Brown Fish Owl (Ketupa zeylonensis)
39,XC23920 - Brown Fish Owl - Ketupa zeylonensis(1).wav,Brown Fish Owl (Ketupa zeylonensis)
40,XC23920 - Brown Fish Owl - Ketupa zeylonensis(2).wav,Brown Fish Owl (Ketupa zeylonensis)
41,XC23920 - Brown Fish Owl - Ketupa zeylonensis(3).wav,Brown Fish Owl (Ketupa zeylonensis)
42,XC361783 - Brown Fish Owl - Ketupa zeylonensis.wav,Brown Fish Owl (Ketupa zeylonensis)
43,XC446902 - Brown Fish Owl - Ketupa zeylonensis.wav,Brown Fish Owl (Ketupa zeylonensis)
44,XC448847 - Brown Fish Owl - Ketupa zeylonensis(1).wav,Brown Fish Owl (Ketupa zeylonensis)
45,XC448847 - Brown Fish Owl - Ketupa zeylonensis(2).wav,Brown Fish Owl (Ketupa zeylonensis)
46,XC448847 - Brown Fish Owl - Ketupa zeylonensis(3).wav,Brown Fish Owl (Ketupa zeylonensis)
47,XC448847 - Brown Fish Owl - Ketupa zeylonensis(4).wav,Brown Fish Owl (Ketupa zeylonensis)
48,XC173119 - Brown Hawk-Owl - Ninox scutulata borneensis(1).wav,Brown Hawk Owl (Ninox Scutulata)
49,XC173119 - Brown Hawk-Owl - Ninox scutulata borneensis(2).wav,Brown Hawk Owl (Ninox Scutulata)
50,XC173119 - Brown Hawk-Owl - Ninox scutulata borneensis(3).wav,Brown Hawk Owl (Ninox Scutulata)
51,XC173119 - Brown Hawk-Owl - Ninox scutulata borneensis(4).wav,Brown Hawk Owl (Ninox Scutulata)
52,XC173119 - Brown Hawk-Owl - Ninox scutulata borneensis(5).wav,Brown Hawk Owl (Ninox Scutulata)
53,XC173119 - Brown Hawk-Owl - Ninox scutulata borneensis(6).wav,Brown Hawk Owl (Ninox Scutulata)
54,XC173119 - Brown Hawk-Owl - Ninox scutulata borneensis(7).wav,Brown Hawk Owl (Ninox Scutulata)
55,XC173119 - Brown Hawk-Owl - Ninox scutulata borneensis(8).wav,Brown Hawk Owl (Ninox Scutulata)
56,XC173119 - Brown Hawk-Owl - Ninox scutulata borneensis(9).wav,Brown Hawk Owl (Ninox Scutulata)
57,XC173119 - Brown Hawk-Owl - Ninox scutulata borneensis.wav,Brown Hawk Owl (Ninox Scutulata)
58,XC19607 - Brown Hawk-Owl - Ninox scutulata(1).wav,Brown Hawk Owl (Ninox Scutulata)
59,XC19607 - Brown Hawk-Owl - Ninox scutulata(2).wav,Brown Hawk Owl (Ninox Scutulata)
60,XC19607 - Brown Hawk-Owl - Ninox scutulata.wav,Brown Hawk Owl (Ninox Scutulata)
61,XC371369 - Brown Hawk-Owl - Ninox scutulata.wav,Brown Hawk Owl (Ninox Scutulata)
62,XC469356 - Brown Hawk-Owl - Ninox scutulata(1).wav,Brown Hawk Owl (Ninox Scutulata)
63,XC469356 - Brown Hawk-Owl - Ninox scutulata(2).wav,Brown Hawk Owl (Ninox Scutulata)
64,XC469356 - Brown Hawk-Owl - Ninox scutulata(3).wav,Brown Hawk Owl (Ninox Scutulata)
65,XC469356 - Brown Hawk-Owl - Ninox scutulata.wav,Brown Hawk Owl (Ninox Scutulata)
66,XC473542 - Brown Hawk-Owl - Ninox scutulata(1).wav,Brown Hawk Owl (Ninox Scutulata)
67,XC473542 - Brown Hawk-Owl - Ninox scutulata.wav,Brown Hawk Owl (Ninox Scutulata)
68,XC502383 - Brown Hawk-Owl - Ninox scutulata.wav,Brown Hawk Owl (Ninox Scutulata)
69,XC507988 - Brown Hawk-Owl - Ninox scutulata.wav,Brown Hawk Owl (Ninox Scutulata)
70,XC507989 - Brown Hawk-Owl - Ninox scutulata.wav,Brown Hawk Owl (Ninox Scutulata)
71,XC531877 - Brown Hawk-Owl - Ninox scutulata.wav,Brown Hawk Owl (Ninox Scutulata)
72,XC546664 - Brown Hawk-Owl - Ninox scutulata.wav,Brown Hawk Owl (Ninox Scutulata)
73,XC550452 - Brown Hawk-Owl - Ninox scutulata.wav,Brown Hawk Owl (Ninox Scutulata)
74,XC114849 - Brown Wood Owl - Strix leptogrammica newarensis(1).wav,Brown Wood Owl (Strix leptogrammica)
75,XC114849 - Brown Wood Owl - Strix leptogrammica newarensis(2).wav,Brown Wood Owl (Strix leptogrammica)
76,XC114849 - Brown Wood Owl - Strix leptogrammica newarensis(3).wav,Brown Wood Owl (Strix leptogrammica)
77,XC114850 - Brown Wood Owl - Strix leptogrammica newarensis(1).wav,Brown Wood Owl (Strix leptogrammica)
78,XC114850 - Brown Wood Owl - Strix leptogrammica newarensis(2).wav,Brown Wood Owl (Strix leptogrammica)
79,XC114850 - Brown Wood Owl - Strix leptogrammica newarensis(3).wav,Brown Wood Owl (Strix leptogrammica)
80,XC114850 - Brown Wood Owl - Strix leptogrammica newarensis(4).wav,Brown Wood Owl (Strix leptogrammica)
81,XC142617 - Brown Wood Owl - Strix leptogrammica maingayi(1).wav,Brown Wood Owl (Strix leptogrammica)
82,XC142617 - Brown Wood Owl - Strix leptogrammica maingayi(2).wav,Brown Wood Owl (Strix leptogrammica)
83,XC142617 - Brown Wood Owl - Strix leptogrammica maingayi(3).wav,Brown Wood Owl (Strix leptogrammica)
84,XC142617 - Brown Wood Owl - Strix leptogrammica maingayi(4).wav,Brown Wood Owl (Strix leptogrammica)
85,XC142617 - Brown Wood Owl - Strix leptogrammica maingayi(5).wav,Brown Wood Owl (Strix leptogrammica)
86,XC151382 - Brown Wood Owl - Strix leptogrammica(1).wav,Brown Wood Owl (Strix leptogrammica)
87,XC151382 - Brown Wood Owl - Strix leptogrammica(2).wav,Brown Wood Owl (Strix leptogrammica)
88,XC151382 - Brown Wood Owl - Strix leptogrammica(3).wav,Brown Wood Owl (Strix leptogrammica)
89,XC151382 - Brown Wood Owl - Strix leptogrammica(4).wav,Brown Wood Owl (Strix leptogrammica)
90,XC151382 - Brown Wood Owl - Strix leptogrammica(5).wav,Brown Wood Owl (Strix leptogrammica)
91,XC151383 - Brown Wood Owl - Strix leptogrammica(1).wav,Brown Wood Owl (Strix leptogrammica)
92,XC151383 - Brown Wood Owl - Strix leptogrammica(2).wav,Brown Wood Owl (Strix leptogrammica)
93,XC151383 - Brown Wood Owl - Strix leptogrammica(3).wav,Brown Wood Owl (Strix leptogrammica)
94,XC163479 - Brown Wood Owl - Strix leptogrammica.wav,Brown Wood Owl (Strix leptogrammica)
95,XC179449 - Brown Wood Owl - Strix leptogrammica(1).wav,Brown Wood Owl (Strix leptogrammica)
96,XC179449 - Brown Wood Owl - Strix leptogrammica(2).wav,Brown Wood Owl (Strix leptogrammica)
97,XC179449 - Brown Wood Owl - Strix leptogrammica(3).wav,Brown Wood Owl (Strix leptogrammica)
98,XC179449 - Brown Wood Owl - Strix leptogrammica(4).wav,Brown Wood Owl (Strix leptogrammica)
99,XC179449 - Brown Wood Owl - Strix leptogrammica(5).wav,Brown Wood Owl (Strix leptogrammica)
100,XC179449 - Brown Wood Owl - Strix leptogrammica(6).wav,Brown Wood Owl (Strix leptogrammica)
101,XC179449 - Brown Wood Owl - Strix leptogrammica(7).wav,Brown Wood Owl (Strix leptogrammica)
102,XC179449 - Brown Wood Owl - Strix leptogrammica(8).wav,Brown Wood Owl (Strix leptogrammica)
103,XC179449 - Brown Wood Owl - Strix leptogrammica(9).wav,Brown Wood Owl (Strix leptogrammica)
104,XC179946 - Brown Wood Owl - Strix leptogrammica.wav,Brown Wood Owl (Strix leptogrammica)
105,XC196966 - Brown Wood Owl - Strix leptogrammica(1).wav,Brown Wood Owl (Strix leptogrammica)
106,XC196966 - Brown Wood Owl - Strix leptogrammica(2).wav,Brown Wood Owl (Strix leptogrammica)
107,XC196966 - Brown Wood Owl - Strix leptogrammica(3).wav,Brown Wood Owl (Strix leptogrammica)
108,XC196966 - Brown Wood Owl - Strix leptogrammica(4).wav,Brown Wood Owl (Strix leptogrammica)
109,XC196966 - Brown Wood Owl - Strix leptogrammica(5).wav,Brown Wood Owl (Strix leptogrammica)
110,XC196967 - Brown Wood Owl - Strix leptogrammica(1).wav,Brown Wood Owl (Strix leptogrammica)
111,XC196967 - Brown Wood Owl - Strix leptogrammica(2).wav,Brown Wood Owl (Strix leptogrammica)
112,XC196967 - Brown Wood Owl - Strix leptogrammica(3).wav,Brown Wood Owl (Strix leptogrammica)
113,XC196967 - Brown Wood Owl - Strix leptogrammica(4).wav,Brown Wood Owl (Strix leptogrammica)
114,XC203823 - Brown Wood Owl - Strix leptogrammica(1).wav,Brown Wood Owl (Strix leptogrammica)
115,XC203823 - Brown Wood Owl - Strix leptogrammica(2).wav,Brown Wood Owl (Strix leptogrammica)
116,XC203823 - Brown Wood Owl - Strix leptogrammica(3).wav,Brown Wood Owl (Strix leptogrammica)
117,XC203823 - Brown Wood Owl - Strix leptogrammica(4).wav,Brown Wood Owl (Strix leptogrammica)
118,XC206564 - Brown Wood Owl - Strix leptogrammica ticehursti(1).wav,Brown Wood Owl (Strix leptogrammica)
119,XC206564 - Brown Wood Owl - Strix leptogrammica ticehursti(2).wav,Brown Wood Owl (Strix leptogrammica)
120,XC206564 - Brown Wood Owl - Strix leptogrammica ticehursti(3).wav,Brown Wood Owl (Strix leptogrammica)
121,XC209940 - Brown Wood Owl - Strix leptogrammica(1).wav,Brown Wood Owl (Strix leptogrammica)
122,XC209940 - Brown Wood Owl - Strix leptogrammica(2).wav,Brown Wood Owl (Strix leptogrammica)
123,XC209940 - Brown Wood Owl - Strix leptogrammica(3).wav,Brown Wood Owl (Strix leptogrammica)
124,XC21878 - Brown Wood Owl - Strix leptogrammica.wav,Brown Wood Owl (Strix leptogrammica)
125,XC303559 - Brown Wood Owl - Strix leptogrammica maingayi(1).wav,Brown Wood Owl (Strix leptogrammica)
126,XC303559 - Brown Wood Owl - Strix leptogrammica maingayi(2).wav,Brown Wood Owl (Strix leptogrammica)
127,XC303559 - Brown Wood Owl - Strix leptogrammica maingayi(3).wav,Brown Wood Owl (Strix leptogrammica)
128,XC303559 - Brown Wood Owl - Strix leptogrammica maingayi(4).wav,Brown Wood Owl (Strix leptogrammica)
129,XC303757 - Brown Wood Owl - Strix leptogrammica maingayi(1).wav,Brown Wood Owl (Strix leptogrammica)
130,XC303757 - Brown Wood Owl - Strix leptogrammica maingayi(10).wav,Brown Wood Owl (Strix leptogrammica)
131,XC303757 - Brown Wood Owl - Strix leptogrammica maingayi(11).wav,Brown Wood Owl (Strix leptogrammica)
132,XC303757 - Brown Wood Owl - Strix leptogrammica maingayi(12).wav,Brown Wood Owl (Strix leptogrammica)
133,XC303757 - Brown Wood Owl - Strix leptogrammica maingayi(13).wav,Brown Wood Owl (Strix leptogrammica)
134,XC303757 - Brown Wood Owl - Strix leptogrammica maingayi(14).wav,Brown Wood Owl (Strix leptogrammica)
135,XC303757 - Brown Wood Owl - Strix leptogrammica maingayi(15).wav,Brown Wood Owl (Strix leptogrammica)
136,XC303757 - Brown Wood Owl - Strix leptogrammica maingayi(16).wav,Brown Wood Owl (Strix leptogrammica)
137,XC303757 - Brown Wood Owl - Strix leptogrammica maingayi(17).wav,Brown Wood Owl (Strix leptogrammica)
138,XC303757 - Brown Wood Owl - Strix leptogrammica maingayi(2).wav,Brown Wood Owl (Strix leptogrammica)
139,XC303757 - Brown Wood Owl - Strix leptogrammica maingayi(3).wav,Brown Wood Owl (Strix leptogrammica)
140,XC303757 - Brown Wood Owl - Strix leptogrammica maingayi(4).wav,Brown Wood Owl (Strix leptogrammica)
141,XC303757 - Brown Wood Owl - Strix leptogrammica maingayi(5).wav,Brown Wood Owl (Strix leptogrammica)
142,XC303757 - Brown Wood Owl - Strix leptogrammica maingayi(6).wav,Brown Wood Owl (Strix leptogrammica)
143,XC303757 - Brown Wood Owl - Strix leptogrammica maingayi(7).wav,Brown Wood Owl (Strix leptogrammica)
144,XC303757 - Brown Wood Owl - Strix leptogrammica maingayi(8).wav,Brown Wood Owl (Strix leptogrammica)
145,XC303757 - Brown Wood Owl - Strix leptogrammica maingayi(9).wav,Brown Wood Owl (Strix leptogrammica)
146,XC319385 - Brown Wood Owl - Strix leptogrammica(1).wav,Brown Wood Owl (Strix leptogrammica)
147,XC319385 - Brown Wood Owl - Strix leptogrammica(2).wav,Brown Wood Owl (Strix leptogrammica)
148,XC319385 - Brown Wood Owl - Strix leptogrammica(3).wav,Brown Wood Owl (Strix leptogrammica)
149,XC319385 - Brown Wood Owl - Strix leptogrammica(4).wav,Brown Wood Owl (Strix leptogrammica)
150,XC330201 - Brown Wood Owl - Strix leptogrammica(1).wav,Brown Wood Owl (Strix leptogrammica)
151,XC330201 - Brown Wood Owl - Strix leptogrammica(2).wav,Brown Wood Owl (Strix leptogrammica)
152,XC330201 - Brown Wood Owl - Strix leptogrammica(3).wav,Brown Wood Owl (Strix leptogrammica)
153,XC330201 - Brown Wood Owl - Strix leptogrammica(4).wav,Brown Wood Owl (Strix leptogrammica)
154,XC338700 - Brown Wood Owl - Strix leptogrammica(1).wav,Brown Wood Owl (Strix leptogrammica)
155,XC338700 - Brown Wood Owl - Strix leptogrammica(2).wav,Brown Wood Owl (Strix leptogrammica)
156,XC355111 - Brown Wood Owl - Strix leptogrammica(1).wav,Brown Wood Owl (Strix leptogrammica)
157,XC355111 - Brown Wood Owl - Strix leptogrammica(2).wav,Brown Wood Owl (Strix leptogrammica)
158,XC355111 - Brown Wood Owl - Strix leptogrammica(3).wav,Brown Wood Owl (Strix leptogrammica)
159,XC355111 - Brown Wood Owl - Strix leptogrammica(4).wav,Brown Wood Owl (Strix leptogrammica)
160,XC355112 - Brown Wood Owl - Strix leptogrammica(1).wav,Brown Wood Owl (Strix leptogrammica)
161,XC355112 - Brown Wood Owl - Strix leptogrammica(2).wav,Brown Wood Owl (Strix leptogrammica)
162,XC355112 - Brown Wood Owl - Strix leptogrammica(3).wav,Brown Wood Owl (Strix leptogrammica)
163,XC355113 - Brown Wood Owl - Strix leptogrammica(1).wav,Brown Wood Owl (Strix leptogrammica)
164,XC355113 - Brown Wood Owl - Strix leptogrammica(2).wav,Brown Wood Owl (Strix leptogrammica)
165,XC355113 - Brown Wood Owl - Strix leptogrammica(3).wav,Brown Wood Owl (Strix leptogrammica)
166,XC355113 - Brown Wood Owl - Strix leptogrammica(4).wav,Brown Wood Owl (Strix leptogrammica)
167,XC355113 - Brown Wood Owl - Strix leptogrammica(5).wav,Brown Wood Owl (Strix leptogrammica)
168,XC355113 - Brown Wood Owl - Strix leptogrammica(6).wav,Brown Wood Owl (Strix leptogrammica)
169,XC355113 - Brown Wood Owl - Strix leptogrammica(7).wav,Brown Wood Owl (Strix leptogrammica)
170,XC355113 - Brown Wood Owl - Strix leptogrammica(8).wav,Brown Wood Owl (Strix leptogrammica)
171,XC396765 - Brown Wood Owl - Strix leptogrammica ticehursti(1).wav,Brown Wood Owl (Strix leptogrammica)
172,XC396765 - Brown Wood Owl - Strix leptogrammica ticehursti(10).wav,Brown Wood Owl (Strix leptogrammica)
173,XC396765 - Brown Wood Owl - Strix leptogrammica ticehursti(2).wav,Brown Wood Owl (Strix leptogrammica)
174,XC396765 - Brown Wood Owl - Strix leptogrammica ticehursti(3).wav,Brown Wood Owl (Strix leptogrammica)
175,XC396765 - Brown Wood Owl - Strix leptogrammica ticehursti(4).wav,Brown Wood Owl (Strix leptogrammica)
176,XC396765 - Brown Wood Owl - Strix leptogrammica ticehursti(5).wav,Brown Wood Owl (Strix leptogrammica)
177,XC396765 - Brown Wood Owl - Strix leptogrammica ticehursti(6).wav,Brown Wood Owl (Strix leptogrammica)
178,XC396765 - Brown Wood Owl - Strix leptogrammica ticehursti(7).wav,Brown Wood Owl (Strix leptogrammica)
179,XC396765 - Brown Wood Owl - Strix leptogrammica ticehursti(8).wav,Brown Wood Owl (Strix leptogrammica)
180,XC396765 - Brown Wood Owl - Strix leptogrammica ticehursti(9).wav,Brown Wood Owl (Strix leptogrammica)
181,XC436746 - Brown Wood Owl - Strix leptogrammica.wav,Brown Wood Owl (Strix leptogrammica)
182,XC448878 - Brown Wood Owl - Strix leptogrammica caligata(1).wav,Brown Wood Owl (Strix leptogrammica)
183,XC448878 - Brown Wood Owl - Strix leptogrammica caligata(2).wav,Brown Wood Owl (Strix leptogrammica)
184,XC448878 - Brown Wood Owl - Strix leptogrammica caligata(3).wav,Brown Wood Owl (Strix leptogrammica)
185,XC470445 - Brown Wood Owl - Strix leptogrammica(1).wav,Brown Wood Owl (Strix leptogrammica)
186,XC470445 - Brown Wood Owl - Strix leptogrammica(2).wav,Brown Wood Owl (Strix leptogrammica)
187,XC470445 - Brown Wood Owl - Strix leptogrammica(3).wav,Brown Wood Owl (Strix leptogrammica)
188,XC470445 - Brown Wood Owl - Strix leptogrammica(4).wav,Brown Wood Owl (Strix leptogrammica)
189,XC482240 - Brown Wood Owl - Strix leptogrammica niasensis.wav,Brown Wood Owl (Strix leptogrammica)
190,XC489072 - Brown Wood Owl - Strix leptogrammica maingayi(1).wav,Brown Wood Owl (Strix leptogrammica)
191,XC489072 - Brown Wood Owl - Strix leptogrammica maingayi(2).wav,Brown Wood Owl (Strix leptogrammica)
192,XC489072 - Brown Wood Owl - Strix leptogrammica maingayi(3).wav,Brown Wood Owl (Strix leptogrammica)
193,XC489072 - Brown Wood Owl - Strix leptogrammica maingayi(4).wav,Brown Wood Owl (Strix leptogrammica)
194,XC489073 - Brown Wood Owl - Strix leptogrammica maingayi(1).wav,Brown Wood Owl (Strix leptogrammica)
195,XC489073 - Brown Wood Owl - Strix leptogrammica maingayi(10).wav,Brown Wood Owl (Strix leptogrammica)
196,XC489073 - Brown Wood Owl - Strix leptogrammica maingayi(11).wav,Brown Wood Owl (Strix leptogrammica)
197,XC489073 - Brown Wood Owl - Strix leptogrammica maingayi(2).wav,Brown Wood Owl (Strix leptogrammica)
198,XC489073 - Brown Wood Owl - Strix leptogrammica maingayi(3).wav,Brown Wood Owl (Strix leptogrammica)
199,XC489073 - Brown Wood Owl - Strix leptogrammica maingayi(4).wav,Brown Wood Owl (Strix leptogrammica)
200,XC489073 - Brown Wood Owl - Strix leptogrammica maingayi(5).wav,Brown Wood Owl (Strix leptogrammica)
201,XC489073 - Brown Wood Owl - Strix leptogrammica maingayi(6).wav,Brown Wood Owl (Strix leptogrammica)
202,XC489073 - Brown Wood Owl - Strix leptogrammica maingayi(7).wav,Brown Wood Owl (Strix leptogrammica)
203,XC489073 - Brown Wood Owl - Strix leptogrammica maingayi(8).wav,Brown Wood Owl (Strix leptogrammica)
204,XC489073 - Brown Wood Owl - Strix leptogrammica maingayi(9).wav,Brown Wood Owl (Strix leptogrammica)
205,XC494779 - Brown Wood Owl - Strix leptogrammica.wav,Brown Wood Owl (Strix leptogrammica)
206,XC82677 - Brown Wood Owl - Strix leptogrammica.wav,Brown Wood Owl (Strix leptogrammica)
207,XC88203 - Brown Wood Owl - Strix leptogrammica laotiana(1).wav,Brown Wood Owl (Strix leptogrammica)
208,XC88203 - Brown Wood Owl - Strix leptogrammica laotiana(2).wav,Brown Wood Owl (Strix leptogrammica)
209,XC88203 - Brown Wood Owl - Strix leptogrammica laotiana(3).wav,Brown Wood Owl (Strix leptogrammica)
210,XC88203 - Brown Wood Owl - Strix leptogrammica laotiana(4).wav,Brown Wood Owl (Strix leptogrammica)
211,XC88203 - Brown Wood Owl - Strix leptogrammica laotiana(5).wav,Brown Wood Owl (Strix leptogrammica)
212,XC88203 - Brown Wood Owl - Strix leptogrammica laotiana(6).wav,Brown Wood Owl (Strix leptogrammica)
213,XC88204 - Brown Wood Owl - Strix leptogrammica laotiana(1).wav,Brown Wood Owl (Strix leptogrammica)
214,XC88204 - Brown Wood Owl - Strix leptogrammica laotiana(2).wav,Brown Wood Owl (Strix leptogrammica)
215,XC88204 - Brown Wood Owl - Strix leptogrammica laotiana(3).wav,Brown Wood Owl (Strix leptogrammica)
216,XC88204 - Brown Wood Owl - Strix leptogrammica laotiana(4).wav,Brown Wood Owl (Strix leptogrammica)
217,XC88204 - Brown Wood Owl - Strix leptogrammica laotiana(5).wav,Brown Wood Owl (Strix leptogrammica)
218,XC88204 - Brown Wood Owl - Strix leptogrammica laotiana(6).wav,Brown Wood Owl (Strix leptogrammica)
219,XC88204 - Brown Wood Owl - Strix leptogrammica laotiana(7).wav,Brown Wood Owl (Strix leptogrammica)
220,XC88205 - Brown Wood Owl - Strix leptogrammica laotiana(1).wav,Brown Wood Owl (Strix leptogrammica)
221,XC88205 - Brown Wood Owl - Strix leptogrammica laotiana(2).wav,Brown Wood Owl (Strix leptogrammica)
222,XC88205 - Brown Wood Owl - Strix leptogrammica laotiana(3).wav,Brown Wood Owl (Strix leptogrammica)
223,XC93001 - Brown Wood Owl - Strix leptogrammica.wav,Brown Wood Owl (Strix leptogrammica)
224,XC97305 - Brown Wood Owl - Strix leptogrammica.wav,Brown Wood Owl (Strix leptogrammica)
225,XC207751 - Dusky Eagle-Owl - Bubo coromandus.wav,Dusky Eagle Owl (Bubo Coromandus)
226,XC270516 - Dusky Eagle-Owl - Bubo coromandus klossii(1).wav,Dusky Eagle Owl (Bubo Coromandus)
227,XC270516 - Dusky Eagle-Owl - Bubo coromandus klossii(2).wav,Dusky Eagle Owl (Bubo Coromandus)
228,XC270516 - Dusky Eagle-Owl - Bubo coromandus klossii(3).wav,Dusky Eagle Owl (Bubo Coromandus)
229,XC270516 - Dusky Eagle-Owl - Bubo coromandus klossii(4).wav,Dusky Eagle Owl (Bubo Coromandus)
230,XC270516 - Dusky Eagle-Owl - Bubo coromandus klossii.wav,Dusky Eagle Owl (Bubo Coromandus)
231,XC447966 - Dusky Eagle-Owl - Bubo coromandus klossii.wav,Dusky Eagle Owl (Bubo Coromandus)
232,XC472591 - Dusky Eagle-Owl - Bubo coromandus(1).wav,Dusky Eagle Owl (Bubo Coromandus)
233,XC472591 - Dusky Eagle-Owl - Bubo coromandus(2).wav,Dusky Eagle Owl (Bubo Coromandus)
234,XC472591 - Dusky Eagle-Owl - Bubo coromandus(3).wav,Dusky Eagle Owl (Bubo Coromandus)
235,XC472591 - Dusky Eagle-Owl - Bubo coromandus.wav,Dusky Eagle Owl (Bubo Coromandus)
236,XC472592 - Dusky Eagle-Owl - Bubo coromandus(1).wav,Dusky Eagle Owl (Bubo Coromandus)
237,XC472592 - Dusky Eagle-Owl - Bubo coromandus(2).wav,Dusky Eagle Owl (Bubo Coromandus)
238,XC472592 - Dusky Eagle-Owl - Bubo coromandus.wav,Dusky Eagle Owl (Bubo Coromandus)
239,XC521226 - Eurasian Eagle-Owl - Bubo bubo(1).wav,Eurasian Eagle Owl (Bubo Bubo)
240,XC521226 - Eurasian Eagle-Owl - Bubo bubo.wav,Eurasian Eagle Owl (Bubo Bubo)
241,XC539796 - Eurasian Eagle-Owl - Bubo bubo(1).wav,Eurasian Eagle Owl (Bubo Bubo)
242,XC539796 - Eurasian Eagle-Owl - Bubo bubo(2).wav,Eurasian Eagle Owl (Bubo Bubo)
243,XC539796 - Eurasian Eagle-Owl - Bubo bubo(3).wav,Eurasian Eagle Owl (Bubo Bubo)
244,XC539796 - Eurasian Eagle-Owl - Bubo bubo(4).wav,Eurasian Eagle Owl (Bubo Bubo)
245,XC539796 - Eurasian Eagle-Owl - Bubo bubo(5).wav,Eurasian Eagle Owl (Bubo Bubo)
246,XC539796 - Eurasian Eagle-Owl - Bubo bubo.wav,Eurasian Eagle Owl (Bubo Bubo)
247,XC540876 - Eurasian Eagle-Owl - Bubo bubo(1).wav,Eurasian Eagle Owl (Bubo Bubo)
248,XC540876 - Eurasian Eagle-Owl - Bubo bubo(2).wav,Eurasian Eagle Owl (Bubo Bubo)
249,XC540876 - Eurasian Eagle-Owl - Bubo bubo.wav,Eurasian Eagle Owl (Bubo Bubo)
250,XC543322 - Eurasian Eagle-Owl - Bubo bubo(1).wav,Eurasian Eagle Owl (Bubo Bubo)
251,XC543322 - Eurasian Eagle-Owl - Bubo bubo(2).wav,Eurasian Eagle Owl (Bubo Bubo)
252,XC543322 - Eurasian Eagle-Owl - Bubo bubo(4).wav,Eurasian Eagle Owl (Bubo Bubo)
253,XC543322 - Eurasian Eagle-Owl - Bubo bubo(5).wav,Eurasian Eagle Owl (Bubo Bubo)
254,XC543322 - Eurasian Eagle-Owl - Bubo bubo.wav,Eurasian Eagle Owl (Bubo Bubo)
255,XC551911 - Eurasian Eagle-Owl - Bubo bubo bubo(1).wav,Eurasian Eagle Owl (Bubo Bubo)
256,XC551911 - Eurasian Eagle-Owl - Bubo bubo bubo(10).wav,Eurasian Eagle Owl (Bubo Bubo)
257,XC551911 - Eurasian Eagle-Owl - Bubo bubo bubo(2).wav,Eurasian Eagle Owl (Bubo Bubo)
258,XC551911 - Eurasian Eagle-Owl - Bubo bubo bubo(3).wav,Eurasian Eagle Owl (Bubo Bubo)
259,XC551911 - Eurasian Eagle-Owl - Bubo bubo bubo(4).wav,Eurasian Eagle Owl (Bubo Bubo)
260,XC551911 - Eurasian Eagle-Owl - Bubo bubo bubo(7).wav,Eurasian Eagle Owl (Bubo Bubo)
261,XC551911 - Eurasian Eagle-Owl - Bubo bubo bubo(8).wav,Eurasian Eagle Owl (Bubo Bubo)
262,XC551911 - Eurasian Eagle-Owl - Bubo bubo bubo(9).wav,Eurasian Eagle Owl (Bubo Bubo)
263,XC551911 - Eurasian Eagle-Owl - Bubo bubo bubo.wav,Eurasian Eagle Owl (Bubo Bubo)
264,XC560238 - Eurasian Eagle-Owl - Bubo bubo(1).wav,Eurasian Eagle Owl (Bubo Bubo)
265,XC560238 - Eurasian Eagle-Owl - Bubo bubo(2).wav,Eurasian Eagle Owl (Bubo Bubo)
266,XC560238 - Eurasian Eagle-Owl - Bubo bubo(3).wav,Eurasian Eagle Owl (Bubo Bubo)
267,XC560238 - Eurasian Eagle-Owl - Bubo bubo(4).wav,Eurasian Eagle Owl (Bubo Bubo)
268,XC560238 - Eurasian Eagle-Owl - Bubo bubo.wav,Eurasian Eagle Owl (Bubo Bubo)
269,XC560239 - Eurasian Eagle-Owl - Bubo bubo(1).wav,Eurasian Eagle Owl (Bubo Bubo)
270,XC560239 - Eurasian Eagle-Owl - Bubo bubo(2).wav,Eurasian Eagle Owl (Bubo Bubo)
271,XC560239 - Eurasian Eagle-Owl - Bubo bubo.wav,Eurasian Eagle Owl (Bubo Bubo)
272,XC195652 - Indian Eagle-Owl - Bubo bengalensis(1).wav,Indian Eagle-Owl (Bubo bengalensis)
273,XC195652 - Indian Eagle-Owl - Bubo bengalensis(2).wav,Indian Eagle-Owl (Bubo bengalensis)
274,XC195652 - Indian Eagle-Owl - Bubo bengalensis(3).wav,Indian Eagle-Owl (Bubo bengalensis)
275,XC195652 - Indian Eagle-Owl - Bubo bengalensis(4).wav,Indian Eagle-Owl (Bubo bengalensis)
276,XC195652 - Indian Eagle-Owl - Bubo bengalensis.wav,Indian Eagle-Owl (Bubo bengalensis)
277,XC409708 - Indian Eagle-Owl - Bubo bengalensis(1).wav,Indian Eagle-Owl (Bubo bengalensis)
278,XC409708 - Indian Eagle-Owl - Bubo bengalensis(2).wav,Indian Eagle-Owl (Bubo bengalensis)
279,XC409708 - Indian Eagle-Owl - Bubo bengalensis.wav,Indian Eagle-Owl (Bubo bengalensis)
280,XC124718 - Jungle Owlet - Glaucidium radiatum(1).wav,Jungle Owlet (Glaucidium radiatum)
281,XC124718 - Jungle Owlet - Glaucidium radiatum(2).wav,Jungle Owlet (Glaucidium radiatum)
282,XC124718 - Jungle Owlet - Glaucidium radiatum(3).wav,Jungle Owlet (Glaucidium radiatum)
283,XC148761 - Jungle Owlet - Glaucidium radiatum(1).wav,Jungle Owlet (Glaucidium radiatum)
284,XC148761 - Jungle Owlet - Glaucidium radiatum(2).wav,Jungle Owlet (Glaucidium radiatum)
285,XC148761 - Jungle Owlet - Glaucidium radiatum(3).wav,Jungle Owlet (Glaucidium radiatum)
286,XC148761 - Jungle Owlet - Glaucidium radiatum(4).wav,Jungle Owlet (Glaucidium radiatum)
287,XC148761 - Jungle Owlet - Glaucidium radiatum(5).wav,Jungle Owlet (Glaucidium radiatum)
288,XC161242 - Jungle Owlet - Glaucidium radiatum(1).wav,Jungle Owlet (Glaucidium radiatum)
289,XC161441 - Jungle Owlet - Glaucidium radiatum(1).wav,Jungle Owlet (Glaucidium radiatum)
290,XC161441 - Jungle Owlet - Glaucidium radiatum(2).wav,Jungle Owlet (Glaucidium radiatum)
291,XC161441 - Jungle Owlet - Glaucidium radiatum(3).wav,Jungle Owlet (Glaucidium radiatum)
292,XC161441 - Jungle Owlet - Glaucidium radiatum(4).wav,Jungle Owlet (Glaucidium radiatum)
293,XC161441 - Jungle Owlet - Glaucidium radiatum(5).wav,Jungle Owlet (Glaucidium radiatum)
294,XC161970 - Jungle Owlet - Glaucidium radiatum(1).wav,Jungle Owlet (Glaucidium radiatum)
295,XC161970 - Jungle Owlet - Glaucidium radiatum(2).wav,Jungle Owlet (Glaucidium radiatum)
296,XC187332 - Jungle Owlet - Glaucidium radiatum(1).wav,Jungle Owlet (Glaucidium radiatum)
297,XC187332 - Jungle Owlet - Glaucidium radiatum(2).wav,Jungle Owlet (Glaucidium radiatum)
298,XC187332 - Jungle Owlet - Glaucidium radiatum(3).wav,Jungle Owlet (Glaucidium radiatum)
299,XC197752 - Jungle Owlet - Glaucidium radiatum(1).wav,Jungle Owlet (Glaucidium radiatum)
300,XC197752 - Jungle Owlet - Glaucidium radiatum(2).wav,Jungle Owlet (Glaucidium radiatum)
301,XC197752 - Jungle Owlet - Glaucidium radiatum(3).wav,Jungle Owlet (Glaucidium radiatum)
302,XC197752 - Jungle Owlet - Glaucidium radiatum(4).wav,Jungle Owlet (Glaucidium radiatum)
303,XC211565 - Jungle Owlet - Glaucidium radiatum radiatum(1).wav,Jungle Owlet (Glaucidium radiatum)
304,XC211565 - Jungle Owlet - Glaucidium radiatum radiatum(2).wav,Jungle Owlet (Glaucidium radiatum)
305,XC211565 - Jungle Owlet - Glaucidium radiatum radiatum(3).wav,Jungle Owlet (Glaucidium radiatum)
306,XC211565 - Jungle Owlet - Glaucidium radiatum radiatum(4).wav,Jungle Owlet (Glaucidium radiatum)
307,XC211566 - Jungle Owlet - Glaucidium radiatum radiatum(1).wav,Jungle Owlet (Glaucidium radiatum)
308,XC211566 - Jungle Owlet - Glaucidium radiatum radiatum(2).wav,Jungle Owlet (Glaucidium radiatum)
309,XC211566 - Jungle Owlet - Glaucidium radiatum radiatum(3).wav,Jungle Owlet (Glaucidium radiatum)
310,XC213140 - Jungle Owlet - Glaucidium radiatum radiatum(1).wav,Jungle Owlet (Glaucidium radiatum)
311,XC213140 - Jungle Owlet - Glaucidium radiatum radiatum(2).wav,Jungle Owlet (Glaucidium radiatum)
312,XC213140 - Jungle Owlet - Glaucidium radiatum radiatum(3).wav,Jungle Owlet (Glaucidium radiatum)
313,XC213140 - Jungle Owlet - Glaucidium radiatum radiatum(4).wav,Jungle Owlet (Glaucidium radiatum)
314,XC213140 - Jungle Owlet - Glaucidium radiatum radiatum(5).wav,Jungle Owlet (Glaucidium radiatum)
315,XC213140 - Jungle Owlet - Glaucidium radiatum radiatum(6).wav,Jungle Owlet (Glaucidium radiatum)
316,XC213140 - Jungle Owlet - Glaucidium radiatum radiatum(7).wav,Jungle Owlet (Glaucidium radiatum)
317,XC213140 - Jungle Owlet - Glaucidium radiatum radiatum(8).wav,Jungle Owlet (Glaucidium radiatum)
318,XC213140 - Jungle Owlet - Glaucidium radiatum radiatum(9).wav,Jungle Owlet (Glaucidium radiatum)
319,XC213141 - Jungle Owlet - Glaucidium radiatum radiatum(1).wav,Jungle Owlet (Glaucidium radiatum)
320,XC213141 - Jungle Owlet - Glaucidium radiatum radiatum(2).wav,Jungle Owlet (Glaucidium radiatum)
321,XC213141 - Jungle Owlet - Glaucidium radiatum radiatum(3).wav,Jungle Owlet (Glaucidium radiatum)
322,XC213141 - Jungle Owlet - Glaucidium radiatum radiatum(4).wav,Jungle Owlet (Glaucidium radiatum)
323,XC213141 - Jungle Owlet - Glaucidium radiatum radiatum(5).wav,Jungle Owlet (Glaucidium radiatum)
324,XC214016 - Jungle Owlet - Glaucidium radiatum.wav,Jungle Owlet (Glaucidium radiatum)
325,XC217782 - Jungle Owlet - Glaucidium radiatum.wav,Jungle Owlet (Glaucidium radiatum)
326,XC234257 - Jungle Owlet - Glaucidium radiatum.wav,Jungle Owlet (Glaucidium radiatum)
327,XC24112 - Jungle Owlet - Glaucidium radiatum(1).wav,Jungle Owlet (Glaucidium radiatum)
328,XC24112 - Jungle Owlet - Glaucidium radiatum(2).wav,Jungle Owlet (Glaucidium radiatum)
329,XC24112 - Jungle Owlet - Glaucidium radiatum(3).wav,Jungle Owlet (Glaucidium radiatum)
330,XC24112 - Jungle Owlet - Glaucidium radiatum(4).wav,Jungle Owlet (Glaucidium radiatum)
331,XC24112 - Jungle Owlet - Glaucidium radiatum(5).wav,Jungle Owlet (Glaucidium radiatum)
332,XC263818 - Jungle Owlet - Glaucidium radiatum.wav,Jungle Owlet (Glaucidium radiatum)
333,XC267078 - Jungle Owlet - Glaucidium radiatum.wav,Jungle Owlet (Glaucidium radiatum)
334,XC294008 - Jungle Owlet - Glaucidium radiatum(1).wav,Jungle Owlet (Glaucidium radiatum)
335,XC294008 - Jungle Owlet - Glaucidium radiatum(2).wav,Jungle Owlet (Glaucidium radiatum)
336,XC294008 - Jungle Owlet - Glaucidium radiatum(3).wav,Jungle Owlet (Glaucidium radiatum)
337,XC294008 - Jungle Owlet - Glaucidium radiatum(4).wav,Jungle Owlet (Glaucidium radiatum)
338,XC296425 - Jungle Owlet - Glaucidium radiatum.wav,Jungle Owlet (Glaucidium radiatum)
339,XC307706 - Jungle Owlet - Glaucidium radiatum(1).wav,Jungle Owlet (Glaucidium radiatum)
340,XC307706 - Jungle Owlet - Glaucidium radiatum(2).wav,Jungle Owlet (Glaucidium radiatum)
341,XC307706 - Jungle Owlet - Glaucidium radiatum(3).wav,Jungle Owlet (Glaucidium radiatum)
342,XC307706 - Jungle Owlet - Glaucidium radiatum(4).wav,Jungle Owlet (Glaucidium radiatum)
343,XC308275 - Jungle Owlet - Glaucidium radiatum(1).wav,Jungle Owlet (Glaucidium radiatum)
344,XC308275 - Jungle Owlet - Glaucidium radiatum(2).wav,Jungle Owlet (Glaucidium radiatum)
345,XC312520 - Jungle Owlet - Glaucidium radiatum.wav,Jungle Owlet (Glaucidium radiatum)
346,XC316837 - Jungle Owlet - Glaucidium radiatum.wav,Jungle Owlet (Glaucidium radiatum)
347,XC319819 - Jungle Owlet - Glaucidium radiatum.wav,Jungle Owlet (Glaucidium radiatum)
348,XC319955 - Jungle Owlet - Glaucidium radiatum.wav,Jungle Owlet (Glaucidium radiatum)
349,XC319956 - Jungle Owlet - Glaucidium radiatum.wav,Jungle Owlet (Glaucidium radiatum)
350,XC346525 - Jungle Owlet - Glaucidium radiatum(1).wav,Jungle Owlet (Glaucidium radiatum)
351,XC346525 - Jungle Owlet - Glaucidium radiatum(2).wav,Jungle Owlet (Glaucidium radiatum)
352,XC357881 - Jungle Owlet - Glaucidium radiatum(1).wav,Jungle Owlet (Glaucidium radiatum)
353,XC357881 - Jungle Owlet - Glaucidium radiatum(2).wav,Jungle Owlet (Glaucidium radiatum)
354,XC357881 - Jungle Owlet - Glaucidium radiatum(3).wav,Jungle Owlet (Glaucidium radiatum)
355,XC369233 - Jungle Owlet - Glaucidium radiatum(1).wav,Jungle Owlet (Glaucidium radiatum)
356,XC369234 - Jungle Owlet - Glaucidium radiatum(1).wav,Jungle Owlet (Glaucidium radiatum)
357,XC369234 - Jungle Owlet - Glaucidium radiatum(2).wav,Jungle Owlet (Glaucidium radiatum)
358,XC369234 - Jungle Owlet - Glaucidium radiatum(3).wav,Jungle Owlet (Glaucidium radiatum)
359,XC369235 - Jungle Owlet - Glaucidium radiatum(1).wav,Jungle Owlet (Glaucidium radiatum)
360,XC369235 - Jungle Owlet - Glaucidium radiatum(2).wav,Jungle Owlet (Glaucidium radiatum)
361,XC369235 - Jungle Owlet - Glaucidium radiatum(3).wav,Jungle Owlet (Glaucidium radiatum)
362,XC369235 - Jungle Owlet - Glaucidium radiatum(4).wav,Jungle Owlet (Glaucidium radiatum)
363,XC369236 - Jungle Owlet - Glaucidium radiatum.wav,Jungle Owlet (Glaucidium radiatum)
364,XC397778 - Jungle Owlet - Glaucidium radiatum(1).wav,Jungle Owlet (Glaucidium radiatum)
365,XC397778 - Jungle Owlet - Glaucidium radiatum(2).wav,Jungle Owlet (Glaucidium radiatum)
366,XC397778 - Jungle Owlet - Glaucidium radiatum(3).wav,Jungle Owlet (Glaucidium radiatum)
367,XC397778 - Jungle Owlet - Glaucidium radiatum(4).wav,Jungle Owlet (Glaucidium radiatum)
368,XC401961 - Jungle Owlet - Glaucidium radiatum.wav,Jungle Owlet (Glaucidium radiatum)
369,XC403057 - Jungle Owlet - Glaucidium radiatum.wav,Jungle Owlet (Glaucidium radiatum)
370,XC403058 - Jungle Owlet - Glaucidium radiatum.wav,Jungle Owlet (Glaucidium radiatum)
371,XC404219 - Jungle Owlet - Glaucidium radiatum radiatum(1).wav,Jungle Owlet (Glaucidium radiatum)
372,XC404219 - Jungle Owlet - Glaucidium radiatum radiatum(2).wav,Jungle Owlet (Glaucidium radiatum)
373,XC404219 - Jungle Owlet - Glaucidium radiatum radiatum(3).wav,Jungle Owlet (Glaucidium radiatum)
374,XC417598 - Jungle Owlet - Glaucidium radiatum.wav,Jungle Owlet (Glaucidium radiatum)
375,XC418051 - Jungle Owlet - Glaucidium radiatum(1).wav,Jungle Owlet (Glaucidium radiatum)
376,XC418051 - Jungle Owlet - Glaucidium radiatum(2).wav,Jungle Owlet (Glaucidium radiatum)
377,XC423767 - Jungle Owlet - Glaucidium radiatum.wav,Jungle Owlet (Glaucidium radiatum)
378,XC451764 - Jungle Owlet - Glaucidium radiatum.wav,Jungle Owlet (Glaucidium radiatum)
379,XC472746 - Jungle Owlet - Glaucidium radiatum(1).wav,Jungle Owlet (Glaucidium radiatum)
380,XC472746 - Jungle Owlet - Glaucidium radiatum(2).wav,Jungle Owlet (Glaucidium radiatum)
381,XC472746 - Jungle Owlet - Glaucidium radiatum(3).wav,Jungle Owlet (Glaucidium radiatum)
382,XC472746 - Jungle Owlet - Glaucidium radiatum(4).wav,Jungle Owlet (Glaucidium radiatum)
383,XC472747 - Jungle Owlet - Glaucidium radiatum.wav,Jungle Owlet (Glaucidium radiatum)
384,XC503423 - Jungle Owlet - Glaucidium radiatum(1).wav,Jungle Owlet (Glaucidium radiatum)
385,XC503423 - Jungle Owlet - Glaucidium radiatum(2).wav,Jungle Owlet (Glaucidium radiatum)
386,XC503426 - Jungle Owlet - Glaucidium radiatum(1).wav,Jungle Owlet (Glaucidium radiatum)
387,XC503426 - Jungle Owlet - Glaucidium radiatum(2).wav,Jungle Owlet (Glaucidium radiatum)
388,XC503426 - Jungle Owlet - Glaucidium radiatum(3).wav,Jungle Owlet (Glaucidium radiatum)
389,XC507441 - Jungle Owlet - Glaucidium radiatum(1).wav,Jungle Owlet (Glaucidium radiatum)
390,XC507441 - Jungle Owlet - Glaucidium radiatum(2).wav,Jungle Owlet (Glaucidium radiatum)
391,XC507441 - Jungle Owlet - Glaucidium radiatum(3).wav,Jungle Owlet (Glaucidium radiatum)
392,XC507441 - Jungle Owlet - Glaucidium radiatum(4).wav,Jungle Owlet (Glaucidium radiatum)
393,XC507441 - Jungle Owlet - Glaucidium radiatum(5).wav,Jungle Owlet (Glaucidium radiatum)
394,XC524190 - Jungle Owlet - Glaucidium radiatum.wav,Jungle Owlet (Glaucidium radiatum)
395,XC552874 - Jungle Owlet - Glaucidium radiatum(1).wav,Jungle Owlet (Glaucidium radiatum)
396,XC552874 - Jungle Owlet - Glaucidium radiatum(2).wav,Jungle Owlet (Glaucidium radiatum)
397,XC552874 - Jungle Owlet - Glaucidium radiatum(3).wav,Jungle Owlet (Glaucidium radiatum)
398,XC552874 - Jungle Owlet - Glaucidium radiatum(4).wav,Jungle Owlet (Glaucidium radiatum)
399,XC554215 - Jungle Owlet - Glaucidium radiatum(1).wav,Jungle Owlet (Glaucidium radiatum)
400,XC554215 - Jungle Owlet - Glaucidium radiatum(2).wav,Jungle Owlet (Glaucidium radiatum)
401,XC73789 - Jungle Owlet - Glaucidium radiatum radiatum(1).wav,Jungle Owlet (Glaucidium radiatum)
402,XC73789 - Jungle Owlet - Glaucidium radiatum radiatum(2).wav,Jungle Owlet (Glaucidium radiatum)
403,XC73789 - Jungle Owlet - Glaucidium radiatum radiatum(3).wav,Jungle Owlet (Glaucidium radiatum)
404,XC73789 - Jungle Owlet - Glaucidium radiatum radiatum(4).wav,Jungle Owlet (Glaucidium radiatum)
405,XC128102 - Mottled Wood Owl - Strix ocellata grisescens(1).wav,Mottled Wood Owl (Strix ocellata)
406,XC128102 - Mottled Wood Owl - Strix ocellata grisescens(2).wav,Mottled Wood Owl (Strix ocellata)
407,XC128102 - Mottled Wood Owl - Strix ocellata grisescens(3).wav,Mottled Wood Owl (Strix ocellata)
408,XC128102 - Mottled Wood Owl - Strix ocellata grisescens(4).wav,Mottled Wood Owl (Strix ocellata)
409,XC128102 - Mottled Wood Owl - Strix ocellata grisescens(5).wav,Mottled Wood Owl (Strix ocellata)
410,XC128102 - Mottled Wood Owl - Strix ocellata grisescens(6).wav,Mottled Wood Owl (Strix ocellata)
411,XC149334 - Mottled Wood Owl - Strix ocellata(1).wav,Mottled Wood Owl (Strix ocellata)
412,XC149334 - Mottled Wood Owl - Strix ocellata(2).wav,Mottled Wood Owl (Strix ocellata)
413,XC149334 - Mottled Wood Owl - Strix ocellata(3).wav,Mottled Wood Owl (Strix ocellata)
414,XC149334 - Mottled Wood Owl - Strix ocellata(4).wav,Mottled Wood Owl (Strix ocellata)
415,XC149334 - Mottled Wood Owl - Strix ocellata(5).wav,Mottled Wood Owl (Strix ocellata)
416,XC149335 - Mottled Wood Owl - Strix ocellata(1).wav,Mottled Wood Owl (Strix ocellata)
417,XC149335 - Mottled Wood Owl - Strix ocellata(2).wav,Mottled Wood Owl (Strix ocellata)
418,XC149335 - Mottled Wood Owl - Strix ocellata(3).wav,Mottled Wood Owl (Strix ocellata)
419,XC149335 - Mottled Wood Owl - Strix ocellata(4).wav,Mottled Wood Owl (Strix ocellata)
420,XC149335 - Mottled Wood Owl - Strix ocellata(5).wav,Mottled Wood Owl (Strix ocellata)
421,XC169974 - Mottled Wood Owl - Strix ocellata.wav,Mottled Wood Owl (Strix ocellata)
422,XC215269 - Mottled Wood Owl - Strix ocellata.wav,Mottled Wood Owl (Strix ocellata)
423,XC234061 - Mottled Wood Owl - Strix ocellata.wav,Mottled Wood Owl (Strix ocellata)
424,XC234470 - Mottled Wood Owl - Strix ocellata.wav,Mottled Wood Owl (Strix ocellata)
425,XC24068 - Mottled Wood Owl - Strix ocellata.wav,Mottled Wood Owl (Strix ocellata)
426,XC24069 - Mottled Wood Owl - Strix ocellata.wav,Mottled Wood Owl (Strix ocellata)
427,XC253410 - Mottled Wood Owl - Strix ocellata(1).wav,Mottled Wood Owl (Strix ocellata)
428,XC253410 - Mottled Wood Owl - Strix ocellata(2).wav,Mottled Wood Owl (Strix ocellata)
429,XC276717 - Mottled Wood Owl - Strix ocellata(1).wav,Mottled Wood Owl (Strix ocellata)
430,XC276717 - Mottled Wood Owl - Strix ocellata(2).wav,Mottled Wood Owl (Strix ocellata)
431,XC276717 - Mottled Wood Owl - Strix ocellata(3).wav,Mottled Wood Owl (Strix ocellata)
432,XC276717 - Mottled Wood Owl - Strix ocellata(4).wav,Mottled Wood Owl (Strix ocellata)
433,XC330053 - Mottled Wood Owl - Strix ocellata.wav,Mottled Wood Owl (Strix ocellata)
434,XC381937 - Mottled Wood Owl - Strix ocellata.wav,Mottled Wood Owl (Strix ocellata)
435,XC460756 - Mottled Wood Owl - Strix ocellata.wav,Mottled Wood Owl (Strix ocellata)
436,XC460757 - Mottled Wood Owl - Strix ocellata(1).wav,Mottled Wood Owl (Strix ocellata)
437,XC460757 - Mottled Wood Owl - Strix ocellata(2).wav,Mottled Wood Owl (Strix ocellata)
438,XC460757 - Mottled Wood Owl - Strix ocellata(3).wav,Mottled Wood Owl (Strix ocellata)
439,XC460757 - Mottled Wood Owl - Strix ocellata(4).wav,Mottled Wood Owl (Strix ocellata)
440,XC460757 - Mottled Wood Owl - Strix ocellata(5).wav,Mottled Wood Owl (Strix ocellata)
441,XC460758 - Mottled Wood Owl - Strix ocellata(1).wav,Mottled Wood Owl (Strix ocellata)
442,XC460758 - Mottled Wood Owl - Strix ocellata(2).wav,Mottled Wood Owl (Strix ocellata)
443,XC460758 - Mottled Wood Owl - Strix ocellata(3).wav,Mottled Wood Owl (Strix ocellata)
444,XC460758 - Mottled Wood Owl - Strix ocellata(4).wav,Mottled Wood Owl (Strix ocellata)
445,XC460758 - Mottled Wood Owl - Strix ocellata(5).wav,Mottled Wood Owl (Strix ocellata)
446,XC460758 - Mottled Wood Owl - Strix ocellata(6).wav,Mottled Wood Owl (Strix ocellata)
447,XC473551 - Mottled Wood Owl - Strix ocellata grandis.wav,Mottled Wood Owl (Strix ocellata)
448,XC537771 - Mottled Wood Owl - Strix ocellata(1).wav,Mottled Wood Owl (Strix ocellata)
449,XC537771 - Mottled Wood Owl - Strix ocellata(10).wav,Mottled Wood Owl (Strix ocellata)
450,XC537771 - Mottled Wood Owl - Strix ocellata(11).wav,Mottled Wood Owl (Strix ocellata)
451,XC537771 - Mottled Wood Owl - Strix ocellata(2).wav,Mottled Wood Owl (Strix ocellata)
452,XC537771 - Mottled Wood Owl - Strix ocellata(3).wav,Mottled Wood Owl (Strix ocellata)
453,XC537771 - Mottled Wood Owl - Strix ocellata(4).wav,Mottled Wood Owl (Strix ocellata)
454,XC537771 - Mottled Wood Owl - Strix ocellata(5).wav,Mottled Wood Owl (Strix ocellata)
455,XC537771 - Mottled Wood Owl - Strix ocellata(6).wav,Mottled Wood Owl (Strix ocellata)
456,XC537771 - Mottled Wood Owl - Strix ocellata(7).wav,Mottled Wood Owl (Strix ocellata)
457,XC537771 - Mottled Wood Owl - Strix ocellata(8).wav,Mottled Wood Owl (Strix ocellata)
458,XC537771 - Mottled Wood Owl - Strix ocellata(9).wav,Mottled Wood Owl (Strix ocellata)
459,XC537854 - Mottled Wood Owl - Strix ocellata.wav,Mottled Wood Owl (Strix ocellata)
460,XC97304 - Mottled Wood Owl - Strix ocellata.wav,Mottled Wood Owl (Strix ocellata)
461,XC19792 - Oriental Scops Owl - Otus sunia.wav,Oriental Scops Owl (Otus sunia)
462,XC214019 - Oriental Scops Owl - Otus sunia(1).wav,Oriental Scops Owl (Otus sunia)
463,XC214019 - Oriental Scops Owl - Otus sunia.wav,Oriental Scops Owl (Otus sunia)
464,XC217789-1047-OrientalScopsOwl-2(1).wav,Oriental Scops Owl (Otus sunia)
465,XC217789-1047-OrientalScopsOwl-2(2).wav,Oriental Scops Owl (Otus sunia)
466,XC217789-1047-OrientalScopsOwl-2(3).wav,Oriental Scops Owl (Otus sunia)
467,XC217789-1047-OrientalScopsOwl-2.wav,Oriental Scops Owl (Otus sunia)
468,XC217789-1047-OrientalScopsOwl.wav,Oriental Scops Owl (Otus sunia)
469,XC267356 - Oriental Scops Owl - Otus sunia.wav,Oriental Scops Owl (Otus sunia)
470,XC312463 - Oriental Scops Owl - Otus sunia.wav,Oriental Scops Owl (Otus sunia)
471,XC314996-Oriental scops owl siddhgad.wav,Oriental Scops Owl (Otus sunia)
472,XC356748 - Oriental Scops Owl - Otus sunia.wav,Oriental Scops Owl (Otus sunia)
473,XC356748-Orientl Scops Owl_2017_02_18_Cotigao.wav,Oriental Scops Owl (Otus sunia)
474,XC358391-oriental scops owl.wav,Oriental Scops Owl (Otus sunia)
475,XC396843 - Oriental Scops Owl - Otus sunia.wav,Oriental Scops Owl (Otus sunia)
476,XC451143 - Oriental Scops Owl - Otus sunia.wav,Oriental Scops Owl (Otus sunia)
477,XC493754 - Oriental Scops Owl - Otus sunia sunia.wav,Oriental Scops Owl (Otus sunia)
478,XC493779 - Oriental Scops Owl - Otus sunia sunia.wav,Oriental Scops Owl (Otus sunia)
479,XC80580 - Oriental Scops Owl - Otus sunia malayanus.wav,Oriental Scops Owl (Otus sunia)
480,XC96864 - Oriental Scops Owl - Otus sunia.wav,Oriental Scops Owl (Otus sunia)
481,XC173506 - Spotted Owlet - Athene brama(1).wav,Spotted Owlet (Athene brama)
482,XC173506 - Spotted Owlet - Athene brama(2).wav,Spotted Owlet (Athene brama)
483,XC173506 - Spotted Owlet - Athene brama(3).wav,Spotted Owlet (Athene brama)
484,XC173506 - Spotted Owlet - Athene brama(4).wav,Spotted Owlet (Athene brama)
485,XC188836 - Spotted Owlet - Athene brama.wav,Spotted Owlet (Athene brama)
486,XC194206 - Spotted Owlet - Athene brama brama.wav,Spotted Owlet (Athene brama)
487,XC19863 - Spotted Owlet - Athene brama.wav,Spotted Owlet (Athene brama)
488,XC276818 - Spotted Owlet - Athene brama.wav,Spotted Owlet (Athene brama)
489,XC291445 - Spotted Owlet - Athene brama(1).wav,Spotted Owlet (Athene brama)
490,XC291445 - Spotted Owlet - Athene brama(2).wav,Spotted Owlet (Athene brama)
491,XC291445 - Spotted Owlet - Athene brama(3).wav,Spotted Owlet (Athene brama)
492,XC291445 - Spotted Owlet - Athene brama(4).wav,Spotted Owlet (Athene brama)
493,XC291445 - Spotted Owlet - Athene brama(5).wav,Spotted Owlet (Athene brama)
494,XC291445 - Spotted Owlet - Athene brama(6).wav,Spotted Owlet (Athene brama)
495,XC291445 - Spotted Owlet - Athene brama(7).wav,Spotted Owlet (Athene brama)
496,XC291445 - Spotted Owlet - Athene brama(8).wav,Spotted Owlet (Athene brama)
497,XC316835 - Spotted Owlet - Athene brama.wav,Spotted Owlet (Athene brama)
498,XC369057 - Spotted Owlet - Athene brama.wav,Spotted Owlet (Athene brama)
499,XC390365 - Spotted Owlet - Athene brama.wav,Spotted Owlet (Athene brama)
500,XC390368 - Spotted Owlet - Athene brama(1).wav,Spotted Owlet (Athene brama)
501,XC390368 - Spotted Owlet - Athene brama(2).wav,Spotted Owlet (Athene brama)
502,XC390368 - Spotted Owlet - Athene brama(3).wav,Spotted Owlet (Athene brama)
503,XC390368 - Spotted Owlet - Athene brama(4).wav,Spotted Owlet (Athene brama)
504,XC390368 - Spotted Owlet - Athene brama(5).wav,Spotted Owlet (Athene brama)
505,XC395029 - Spotted Owlet - Athene brama(1).wav,Spotted Owlet (Athene brama)
506,XC395029 - Spotted Owlet - Athene brama(2).wav,Spotted Owlet (Athene brama)
507,XC395029 - Spotted Owlet - Athene brama(3).wav,Spotted Owlet (Athene brama)
508,XC395029 - Spotted Owlet - Athene brama(4).wav,Spotted Owlet (Athene brama)
509,XC397234 - Spotted Owlet - Athene brama(1).wav,Spotted Owlet (Athene brama)
510,XC397234 - Spotted Owlet - Athene brama(2).wav,Spotted Owlet (Athene brama)
511,XC397234 - Spotted Owlet - Athene brama(3).wav,Spotted Owlet (Athene brama)
512,XC397234 - Spotted Owlet - Athene brama(4).wav,Spotted Owlet (Athene brama)
513,XC416868 - Spotted Owlet - Athene brama(1).wav,Spotted Owlet (Athene brama)
514,XC416868 - Spotted Owlet - Athene brama(2).wav,Spotted Owlet (Athene brama)
515,XC418030 - Spotted Owlet - Athene brama(1).wav,Spotted Owlet (Athene brama)
516,XC418030 - Spotted Owlet - Athene brama(2).wav,Spotted Owlet (Athene brama)
517,XC418030 - Spotted Owlet - Athene brama(3).wav,Spotted Owlet (Athene brama)
518,XC418030 - Spotted Owlet - Athene brama(4).wav,Spotted Owlet (Athene brama)
519,XC424129 - Spotted Owlet - Athene brama.wav,Spotted Owlet (Athene brama)
520,XC42741 - Spotted Owlet - Athene brama brama.wav,Spotted Owlet (Athene brama)
521,XC42743 - Spotted Owlet - Athene brama brama.wav,Spotted Owlet (Athene brama)
522,XC433064 - Spotted Owlet - Athene brama.wav,Spotted Owlet (Athene brama)
523,XC442330 - Spotted Owlet - Athene brama.wav,Spotted Owlet (Athene brama)
524,XC442331 - Spotted Owlet - Athene brama.wav,Spotted Owlet (Athene brama)
525,XC469473 - Spotted Owlet - Athene brama(1).wav,Spotted Owlet (Athene brama)
526,XC469473 - Spotted Owlet - Athene brama(2).wav,Spotted Owlet (Athene brama)
527,XC469473 - Spotted Owlet - Athene brama(3).wav,Spotted Owlet (Athene brama)
528,XC469473 - Spotted Owlet - Athene brama(4).wav,Spotted Owlet (Athene brama)
529,XC469473 - Spotted Owlet - Athene brama(5).wav,Spotted Owlet (Athene brama)
530,XC487525 - Spotted Owlet - Athene brama(1).wav,Spotted Owlet (Athene brama)
531,XC487525 - Spotted Owlet - Athene brama(2).wav,Spotted Owlet (Athene brama)
532,XC487525 - Spotted Owlet - Athene brama(3).wav,Spotted Owlet (Athene brama)
533,XC487525 - Spotted Owlet - Athene brama(4).wav,Spotted Owlet (Athene brama)
534,XC487525 - Spotted Owlet - Athene brama(5).wav,Spotted Owlet (Athene brama)
535,XC487525 - Spotted Owlet - Athene brama(6).wav,Spotted Owlet (Athene brama)
536,XC487525 - Spotted Owlet - Athene brama(7).wav,Spotted Owlet (Athene brama)
537,XC517678 - Spotted Owlet - Athene brama brama.wav,Spotted Owlet (Athene brama)
538,XC517680 - Spotted Owlet - Athene brama brama.wav,Spotted Owlet (Athene brama)
539,XC517682 - Spotted Owlet - Athene brama brama.wav,Spotted Owlet (Athene brama)
540,XC572904 - Spotted Owlet - Athene brama(1).wav,Spotted Owlet (Athene brama)
541,XC572904 - Spotted Owlet - Athene brama(2).wav,Spotted Owlet (Athene brama)
542,XC572904 - Spotted Owlet - Athene brama(3).wav,Spotted Owlet (Athene brama)
543,XC572904 - Spotted Owlet - Athene brama(4).wav,Spotted Owlet (Athene brama)
544,XC572904 - Spotted Owlet - Athene brama(5).wav,Spotted Owlet (Athene brama)
545,XC572904 - Spotted Owlet - Athene brama(6).wav,Spotted Owlet (Athene brama)
546,XC572904 - Spotted Owlet - Athene brama(7).wav,Spotted Owlet (Athene brama)
547,XC572905 - Spotted Owlet - Athene brama.wav,Spotted Owlet (Athene brama)
548,XC94315 - Spotted Owlet - Athene brama mayri.wav,Spotted Owlet (Athene brama)
549,XC98652 - Spotted Owlet - Athene brama.wav,Spotted Owlet (Athene brama)
550,XC99384 - Spotted Owlet - Athene brama(1).wav,Spotted Owlet (Athene brama)
551,XC99384 - Spotted Owlet - Athene brama(2).wav,Spotted Owlet (Athene brama)
552,XC99384 - Spotted Owlet - Athene brama(3).wav,Spotted Owlet (Athene brama)
553,XC99384 - Spotted Owlet - Athene brama(4).wav,Spotted Owlet (Athene brama)
